{
  "version": 1,
  "savedAt": "2026-02-13T08:56:45.582Z",
  "flows": [
    {
      "id": "d3249551-6dbb-4194-9ce6-f0d6745178fb",
      "groupId": "0755203e-feca-4098-a1c7-c00014d37ed5",
      "kind": "approval",
      "source": null,
      "templateFileId": "3258100",
      "templateTitle": "Template.pdf",
      "fileId": "3258100",
      "fileTitle": "Template.pdf",
      "resultFileId": null,
      "resultFileTitle": null,
      "resultFileUrl": null,
      "stageIndex": 1,
      "dueDate": "2026-02-14",
      "projectRoomId": "2323488",
      "documentRoomId": null,
      "documentRoomTitle": null,
      "documentRoomUrl": null,
      "createdByUserId": "89bbb9ac-ab74-4c8e-a690-8e58b6045419",
      "recipientEmails": [
        "suleymanovrn@mail.ru"
      ],
      "recipientUserId": "3d89554d-d53e-43d2-934a-9b2f276e2173",
      "recipientName": "Rashid Suleymanov",
      "createdByName": "Emily Carter",
      "openUrl": "https://suleymanovrn.onlyoffice.com/s/XgFJsvvHNfdD7xj",
      "linkRequestToken": "bkcrc3lReDZzVkk4aXpJS3VqNkNxMVpxSUVaS2pmcURuekx2bDZNN3RvMD0_IjE4ZTBhODA0LTk5ZTMtNGQ5ZC05NGMwLTFmYWZiNzkwNGU5MSI",
      "status": "Queued",
      "createdAt": "2026-02-13T08:56:45.502Z",
      "updatedAt": "2026-02-13T08:56:45.502Z",
      "trashedAt": null,
      "trashedByUserId": null,
      "trashedByName": null,
      "events": [
        {
          "ts": "2026-02-13T08:56:45.502Z",
          "type": "created",
          "actorUserId": "89bbb9ac-ab74-4c8e-a690-8e58b6045419",
          "actorName": "Emily Carter",
          "kind": "approval",
          "templateFileId": "3258100",
          "projectRoomId": "2323488",
          "recipientEmails": [
            "suleymanovrn@mail.ru"
          ]
        }
      ]
    },
    {
      "id": "0c57687c-13c5-4fec-9cd4-f2ac9e5d00a4",
      "groupId": "0755203e-feca-4098-a1c7-c00014d37ed5",
      "kind": "approval",
      "source": null,
      "templateFileId": "3258100",
      "templateTitle": "Template.pdf",
      "fileId": "3258100",
      "fileTitle": "Template.pdf",
      "resultFileId": null,
      "resultFileTitle": null,
      "resultFileUrl": null,
      "stageIndex": 0,
      "dueDate": "2026-02-14",
      "projectRoomId": "2323488",
      "documentRoomId": null,
      "documentRoomTitle": null,
      "documentRoomUrl": null,
      "createdByUserId": "89bbb9ac-ab74-4c8e-a690-8e58b6045419",
      "recipientEmails": [
        "suleymanovrashidn@gmail.com"
      ],
      "recipientUserId": "4c65a238-ca50-4374-b904-0d51d4c1822b",
      "recipientName": "John Smith",
      "createdByName": "Emily Carter",
      "openUrl": "https://suleymanovrn.onlyoffice.com/s/XgFJsvvHNfdD7xj",
      "linkRequestToken": "bkcrc3lReDZzVkk4aXpJS3VqNkNxMVpxSUVaS2pmcURuekx2bDZNN3RvMD0_IjE4ZTBhODA0LTk5ZTMtNGQ5ZC05NGMwLTFmYWZiNzkwNGU5MSI",
      "status": "InProgress",
      "createdAt": "2026-02-13T08:56:45.377Z",
      "updatedAt": "2026-02-13T08:56:45.377Z",
      "trashedAt": null,
      "trashedByUserId": null,
      "trashedByName": null,
      "events": [
        {
          "ts": "2026-02-13T08:56:45.377Z",
          "type": "created",
          "actorUserId": "89bbb9ac-ab74-4c8e-a690-8e58b6045419",
          "actorName": "Emily Carter",
          "kind": "approval",
          "templateFileId": "3258100",
          "projectRoomId": "2323488",
          "recipientEmails": [
            "suleymanovrashidn@gmail.com"
          ]
        }
      ]
    },
    {
      "id": "efd72c80-67ff-4e3b-92ab-04e202f7b439",
      "groupId": "efd72c80-67ff-4e3b-92ab-04e202f7b439",
      "kind": "approval",
      "source": null,
      "templateFileId": "3243834",
      "templateTitle": "ONLYOFFICE Resume Sample.pdf",
      "fileId": "3243834",
      "fileTitle": "ONLYOFFICE Resume Sample.pdf",
      "resultFileId": null,
      "resultFileTitle": null,
      "resultFileUrl": null,
      "stageIndex": null,
      "dueDate": "2026-02-14",
      "projectRoomId": "2310505",
      "documentRoomId": null,
      "documentRoomTitle": null,
      "documentRoomUrl": null,
      "createdByUserId": "89bbb9ac-ab74-4c8e-a690-8e58b6045419",
      "recipientEmails": [],
      "recipientUserId": null,
      "recipientName": null,
      "createdByName": "Emily Carter",
      "openUrl": "https://suleymanovrn.onlyoffice.com/s/K94S5XLz_DQrvGw",
      "linkRequestToken": "NE10aWZDL1J4VFdiNUYrR2RadzlHMCtraEd6c1ladGlyVmtUbUxhZlRxQT0_ImNlNTlhZjc0LWZiMjgtNDU5YS05YThkLWNmNDMxOWJiZGZhYSI",
      "status": "Canceled",
      "createdAt": "2026-02-13T07:34:46.584Z",
      "updatedAt": "2026-02-13T07:48:26.064Z",
      "trashedAt": null,
      "trashedByUserId": null,
      "trashedByName": null,
      "events": [
        {
          "ts": "2026-02-13T07:34:46.584Z",
          "type": "created",
          "actorUserId": "89bbb9ac-ab74-4c8e-a690-8e58b6045419",
          "actorName": "Emily Carter",
          "kind": "approval",
          "templateFileId": "3243834",
          "projectRoomId": "2310505",
          "recipientEmails": []
        },
        {
          "ts": "2026-02-13T07:48:26.064Z",
          "type": "canceled",
          "actorUserId": "89bbb9ac-ab74-4c8e-a690-8e58b6045419",
          "actorName": "Emily Carter"
        }
      ],
      "archivedAt": null,
      "archivedByUserId": null,
      "archivedByName": null,
      "canceledAt": "2026-02-13T07:48:26.064Z",
      "canceledByUserId": "89bbb9ac-ab74-4c8e-a690-8e58b6045419",
      "canceledByName": "Emily Carter"
    },
    {
      "id": "3d21f4b4-6a67-4c4d-898d-39b926ff5c42",
      "groupId": "3d21f4b4-6a67-4c4d-898d-39b926ff5c42",
      "kind": "approval",
      "templateFileId": "3243834",
      "templateTitle": "ONLYOFFICE Resume Sample.pdf",
      "fileId": "3243834",
      "fileTitle": "ONLYOFFICE Resume Sample.pdf",
      "resultFileId": null,
      "resultFileTitle": null,
      "resultFileUrl": null,
      "stageIndex": null,
      "dueDate": "2026-02-13",
      "projectRoomId": "2310505",
      "documentRoomId": null,
      "documentRoomTitle": null,
      "documentRoomUrl": null,
      "createdByUserId": "89bbb9ac-ab74-4c8e-a690-8e58b6045419",
      "recipientEmails": [],
      "recipientUserId": null,
      "recipientName": null,
      "createdByName": "Emily Carter",
      "openUrl": "https://suleymanovrn.onlyoffice.com/s/K94S5XLz_DQrvGw",
      "linkRequestToken": "NE10aWZDL1J4VFdiNUYrR2RadzlHMCtraEd6c1ladGlyVmtUbUxhZlRxQT0_ImNlNTlhZjc0LWZiMjgtNDU5YS05YThkLWNmNDMxOWJiZGZhYSI",
      "status": "Canceled",
      "createdAt": "2026-02-12T05:40:59.664Z",
      "updatedAt": "2026-02-13T07:12:04.768Z",
      "events": [
        {
          "ts": "2026-02-12T05:40:59.664Z",
          "type": "created",
          "actorUserId": "89bbb9ac-ab74-4c8e-a690-8e58b6045419",
          "actorName": "Emily Carter",
          "kind": "approval",
          "templateFileId": "3243834",
          "projectRoomId": "2310505",
          "recipientEmails": []
        },
        {
          "ts": "2026-02-13T07:12:04.768Z",
          "type": "canceled",
          "actorUserId": "89bbb9ac-ab74-4c8e-a690-8e58b6045419",
          "actorName": "Emily Carter"
        }
      ],
      "source": null,
      "archivedAt": null,
      "archivedByUserId": null,
      "archivedByName": null,
      "trashedAt": null,
      "trashedByUserId": null,
      "trashedByName": null,
      "canceledAt": "2026-02-13T07:12:04.768Z",
      "canceledByUserId": "89bbb9ac-ab74-4c8e-a690-8e58b6045419",
      "canceledByName": "Emily Carter"
    },
    {
      "id": "284aaf41-a6a7-4911-b7bb-4e0fe08e85fc",
      "groupId": "a8a306ac-5034-4ffd-bc4b-949169c578ec",
      "kind": "sharedSign",
      "templateFileId": "3238039",
      "templateTitle": "New PDF form.pdf",
      "fileId": "3242688",
      "fileTitle": "New PDF form — 2026-02-11.pdf",
      "projectRoomId": "2310505",
      "documentRoomId": "2313811",
      "documentRoomTitle": "My First Project — Signing",
      "documentRoomUrl": null,
      "createdByUserId": "89bbb9ac-ab74-4c8e-a690-8e58b6045419",
      "recipientEmails": [
        "suleymanovrashidn@gmail.com"
      ],
      "recipientUserId": "4c65a238-ca50-4374-b904-0d51d4c1822b",
      "recipientName": "John Smith",
      "createdByName": "Emily Carter",
      "openUrl": "https://suleymanovrn.onlyoffice.com/doceditor?fileId=3242688&action=fill",
      "linkRequestToken": "YVRwbEVjTFhuUzFaenVjNXdIU3orcHdzbEptczVyeURNdkFjV05Kc3Fxbz0_IjRmN2EzOGUwLTc3YWEtNDMwOC1iNzZmLTU3YmM1MjFjOGVjMiI",
      "status": "Completed",
      "createdAt": "2026-02-11T08:29:47.785Z",
      "updatedAt": "2026-02-11T08:56:15.348Z",
      "resultFileId": null,
      "resultFileTitle": null,
      "resultFileUrl": null,
      "completedAt": "2026-02-11T08:56:15.348Z",
      "completedByUserId": "89bbb9ac-ab74-4c8e-a690-8e58b6045419",
      "completedByName": "Emily Carter",
      "events": [],
      "stageIndex": null,
      "dueDate": null,
      "source": null,
      "archivedAt": null,
      "archivedByUserId": null,
      "archivedByName": null,
      "trashedAt": null,
      "trashedByUserId": null,
      "trashedByName": null
    },
    {
      "id": "e56ad425-769e-46c0-9a4e-46d3adf70052",
      "groupId": "a8a306ac-5034-4ffd-bc4b-949169c578ec",
      "kind": "sharedSign",
      "templateFileId": "3238039",
      "templateTitle": "New PDF form.pdf",
      "fileId": "3242688",
      "fileTitle": "New PDF form — 2026-02-11.pdf",
      "projectRoomId": "2310505",
      "documentRoomId": "2313811",
      "documentRoomTitle": "My First Project — Signing",
      "documentRoomUrl": null,
      "createdByUserId": "89bbb9ac-ab74-4c8e-a690-8e58b6045419",
      "recipientEmails": [
        "rashid.suleymanov@onlyoffice.com"
      ],
      "recipientUserId": "89bbb9ac-ab74-4c8e-a690-8e58b6045419",
      "recipientName": "Emily Carter",
      "createdByName": "Emily Carter",
      "openUrl": "https://suleymanovrn.onlyoffice.com/doceditor?fileId=3242688&action=fill",
      "linkRequestToken": "YVRwbEVjTFhuUzFaenVjNXdIU3orcHdzbEptczVyeURNdkFjV05Kc3Fxbz0_IjRmN2EzOGUwLTc3YWEtNDMwOC1iNzZmLTU3YmM1MjFjOGVjMiI",
      "status": "Canceled",
      "createdAt": "2026-02-11T08:29:47.638Z",
      "updatedAt": "2026-02-13T06:45:01.090Z",
      "resultFileId": null,
      "resultFileTitle": null,
      "resultFileUrl": null,
      "events": [
        {
          "ts": "2026-02-13T06:44:58.506Z",
          "type": "canceled",
          "actorUserId": "89bbb9ac-ab74-4c8e-a690-8e58b6045419",
          "actorName": "Emily Carter"
        },
        {
          "ts": "2026-02-13T06:45:01.090Z",
          "type": "trashed",
          "actorUserId": "89bbb9ac-ab74-4c8e-a690-8e58b6045419",
          "actorName": "Emily Carter"
        }
      ],
      "stageIndex": null,
      "dueDate": null,
      "source": null,
      "archivedAt": null,
      "archivedByUserId": null,
      "archivedByName": null,
      "trashedAt": "2026-02-13T06:45:01.090Z",
      "trashedByUserId": "89bbb9ac-ab74-4c8e-a690-8e58b6045419",
      "trashedByName": "Emily Carter",
      "canceledAt": "2026-02-13T06:44:58.506Z",
      "canceledByUserId": "89bbb9ac-ab74-4c8e-a690-8e58b6045419",
      "canceledByName": "Emily Carter"
    },
    {
      "id": "1ffba9a0-2b7f-4b93-88cb-44aa95be326a",
      "groupId": "45f2b878-1e13-4377-a562-8674b27562af",
      "kind": "fillSign",
      "templateFileId": "3238039",
      "templateTitle": "New PDF form.pdf",
      "fileId": "3238039",
      "fileTitle": "New PDF form.pdf",
      "projectRoomId": "2310505",
      "documentRoomId": null,
      "documentRoomTitle": null,
      "documentRoomUrl": null,
      "createdByUserId": "89bbb9ac-ab74-4c8e-a690-8e58b6045419",
      "recipientEmails": [
        "suleymanovrashidn@gmail.com"
      ],
      "recipientUserId": "4c65a238-ca50-4374-b904-0d51d4c1822b",
      "recipientName": "John Smith",
      "createdByName": "Emily Carter",
      "openUrl": "https://suleymanovrn.onlyoffice.com/s/cVgFRD9VxcRHDjF",
      "linkRequestToken": "NFVnQjNpUGRCeXRSZVprY2loWEE5T1J5clpwMlRjclptV0lRa2F5NDM3cz0_IjlmZWFiMGNlLTM5ZTUtNGQwNy05ZTVmLTA5NTgxOWFjNGY5NiI",
      "status": "Canceled",
      "createdAt": "2026-02-11T08:28:15.523Z",
      "updatedAt": "2026-02-11T08:29:16.622Z",
      "canceledAt": "2026-02-11T08:29:16.622Z",
      "canceledByUserId": "89bbb9ac-ab74-4c8e-a690-8e58b6045419",
      "canceledByName": "Emily Carter",
      "resultFileId": null,
      "resultFileTitle": null,
      "resultFileUrl": null,
      "events": [],
      "stageIndex": null,
      "dueDate": null,
      "source": null,
      "archivedAt": null,
      "archivedByUserId": null,
      "archivedByName": null,
      "trashedAt": null,
      "trashedByUserId": null,
      "trashedByName": null
    },
    {
      "id": "ecd5f3d8-d67c-4419-b643-136f566b47e7",
      "groupId": "45f2b878-1e13-4377-a562-8674b27562af",
      "kind": "fillSign",
      "templateFileId": "3238039",
      "templateTitle": "New PDF form.pdf",
      "fileId": "3238039",
      "fileTitle": "New PDF form.pdf",
      "projectRoomId": "2310505",
      "documentRoomId": null,
      "documentRoomTitle": null,
      "documentRoomUrl": null,
      "createdByUserId": "89bbb9ac-ab74-4c8e-a690-8e58b6045419",
      "recipientEmails": [
        "rashid.suleymanov@onlyoffice.com"
      ],
      "recipientUserId": "89bbb9ac-ab74-4c8e-a690-8e58b6045419",
      "recipientName": "Emily Carter",
      "createdByName": "Emily Carter",
      "openUrl": "https://suleymanovrn.onlyoffice.com/s/cVgFRD9VxcRHDjF",
      "linkRequestToken": "NFVnQjNpUGRCeXRSZVprY2loWEE5T1J5clpwMlRjclptV0lRa2F5NDM3cz0_IjlmZWFiMGNlLTM5ZTUtNGQwNy05ZTVmLTA5NTgxOWFjNGY5NiI",
      "status": "Canceled",
      "createdAt": "2026-02-11T08:28:15.391Z",
      "updatedAt": "2026-02-13T06:44:49.347Z",
      "canceledAt": "2026-02-11T08:29:16.888Z",
      "canceledByUserId": "89bbb9ac-ab74-4c8e-a690-8e58b6045419",
      "canceledByName": "Emily Carter",
      "resultFileId": null,
      "resultFileTitle": null,
      "resultFileUrl": null,
      "events": [
        {
          "ts": "2026-02-13T06:44:49.347Z",
          "type": "trashed",
          "actorUserId": "89bbb9ac-ab74-4c8e-a690-8e58b6045419",
          "actorName": "Emily Carter"
        }
      ],
      "stageIndex": null,
      "dueDate": null,
      "source": null,
      "archivedAt": null,
      "archivedByUserId": null,
      "archivedByName": null,
      "trashedAt": "2026-02-13T06:44:49.347Z",
      "trashedByUserId": "89bbb9ac-ab74-4c8e-a690-8e58b6045419",
      "trashedByName": "Emily Carter"
    },
    {
      "id": "40297bde-3b61-4eaa-9509-3b8e32a15548",
      "groupId": "40297bde-3b61-4eaa-9509-3b8e32a15548",
      "kind": "sharedSign",
      "templateFileId": "3238039",
      "templateTitle": "New PDF form.pdf",
      "fileId": "3242688",
      "fileTitle": "New PDF form — 2026-02-11.pdf",
      "projectRoomId": "2310505",
      "documentRoomId": "2313811",
      "documentRoomTitle": "My First Project — Signing",
      "documentRoomUrl": null,
      "createdByUserId": "89bbb9ac-ab74-4c8e-a690-8e58b6045419",
      "recipientEmails": [
        "rashid.suleymanov@onlyoffice.com",
        "suleymanovrashidn@gmail.com"
      ],
      "recipientUserId": null,
      "recipientName": null,
      "createdByName": "Emily Carter",
      "openUrl": "https://suleymanovrn.onlyoffice.com/s/48HgvncdfFJh5JN",
      "linkRequestToken": "YVRwbEVjTFhuUzFaenVjNXdIU3orcHdzbEptczVyeURNdkFjV05Kc3Fxbz0_IjRmN2EzOGUwLTc3YWEtNDMwOC1iNzZmLTU3YmM1MjFjOGVjMiI",
      "status": "Canceled",
      "createdAt": "2026-02-11T08:00:37.988Z",
      "updatedAt": "2026-02-13T06:44:51.499Z",
      "canceledAt": "2026-02-11T08:27:58.742Z",
      "canceledByUserId": "89bbb9ac-ab74-4c8e-a690-8e58b6045419",
      "canceledByName": "Emily Carter",
      "resultFileId": null,
      "resultFileTitle": null,
      "resultFileUrl": null,
      "events": [
        {
          "ts": "2026-02-13T06:44:51.499Z",
          "type": "trashed",
          "actorUserId": "89bbb9ac-ab74-4c8e-a690-8e58b6045419",
          "actorName": "Emily Carter"
        }
      ],
      "stageIndex": null,
      "dueDate": null,
      "source": null,
      "archivedAt": null,
      "archivedByUserId": null,
      "archivedByName": null,
      "trashedAt": "2026-02-13T06:44:51.499Z",
      "trashedByUserId": "89bbb9ac-ab74-4c8e-a690-8e58b6045419",
      "trashedByName": "Emily Carter"
    },
    {
      "id": "5c27ef2f-bb61-4c73-a843-d51a3a7bada2",
      "groupId": "0ff16052-588e-424c-b2b7-47375ea63ecc",
      "kind": "fillSign",
      "templateFileId": "3238039",
      "templateTitle": "New PDF form.pdf",
      "fileId": "3238039",
      "fileTitle": "New PDF form.pdf",
      "projectRoomId": "2310505",
      "documentRoomId": null,
      "createdByUserId": "89bbb9ac-ab74-4c8e-a690-8e58b6045419",
      "recipientEmails": [
        "suleymanovrashidn@gmail.com"
      ],
      "recipientUserId": "4c65a238-ca50-4374-b904-0d51d4c1822b",
      "recipientName": "John Smith",
      "createdByName": "Emily Carter",
      "openUrl": "https://suleymanovrn.onlyoffice.com/s/cVgFRD9VxcRHDjF",
      "linkRequestToken": "NFVnQjNpUGRCeXRSZVprY2loWEE5T1J5clpwMlRjclptV0lRa2F5NDM3cz0_IjlmZWFiMGNlLTM5ZTUtNGQwNy05ZTVmLTA5NTgxOWFjNGY5NiI",
      "status": "Canceled",
      "createdAt": "2026-02-11T07:40:58.822Z",
      "updatedAt": "2026-02-11T08:28:41.005Z",
      "canceledAt": "2026-02-11T08:28:41.005Z",
      "canceledByUserId": "89bbb9ac-ab74-4c8e-a690-8e58b6045419",
      "canceledByName": "Emily Carter",
      "resultFileId": null,
      "resultFileTitle": null,
      "resultFileUrl": null,
      "events": [],
      "stageIndex": null,
      "dueDate": null,
      "source": null,
      "archivedAt": null,
      "archivedByUserId": null,
      "archivedByName": null,
      "trashedAt": null,
      "trashedByUserId": null,
      "trashedByName": null
    },
    {
      "id": "9fc1af86-8cb4-4466-8816-0d17594e119f",
      "kind": "approval",
      "templateFileId": "3238039",
      "templateTitle": "New PDF form.pdf",
      "fileId": "3238039",
      "fileTitle": "New PDF form.pdf",
      "projectRoomId": "2310505",
      "createdByUserId": "89bbb9ac-ab74-4c8e-a690-8e58b6045419",
      "recipientEmails": [],
      "recipientUserId": null,
      "recipientName": null,
      "createdByName": "Emily Carter",
      "openUrl": "https://suleymanovrn.onlyoffice.com/s/cVgFRD9VxcRHDjF",
      "linkRequestToken": "NFVnQjNpUGRCeXRSZVprY2loWEE5T1J5clpwMlRjclptV0lRa2F5NDM3cz0_IjlmZWFiMGNlLTM5ZTUtNGQwNy05ZTVmLTA5NTgxOWFjNGY5NiI",
      "status": "Completed",
      "createdAt": "2026-02-11T06:42:29.906Z",
      "updatedAt": "2026-02-11T10:27:02.084Z",
      "groupId": "9fc1af86-8cb4-4466-8816-0d17594e119f",
      "resultFileId": "3242471",
      "resultFileTitle": "New PDF form.xlsx",
      "resultFileUrl": "https://suleymanovrn.onlyoffice.com/doceditor?fileid=3242471&version=1",
      "events": [
        {
          "ts": "2026-02-11T10:27:02.083Z",
          "type": "completed",
          "method": "auto",
          "actorUserId": null,
          "actorName": null,
          "resultFileId": "3242471",
          "resultFileTitle": "New PDF form.xlsx"
        }
      ],
      "completedAt": "2026-02-11T10:27:02.083Z",
      "completedByUserId": null,
      "completedByName": null,
      "stageIndex": null,
      "dueDate": null,
      "source": null,
      "archivedAt": null,
      "archivedByUserId": null,
      "archivedByName": null,
      "trashedAt": null,
      "trashedByUserId": null,
      "trashedByName": null
    },
    {
      "id": "36c29390-f438-4716-9d97-408585d81f0f",
      "kind": "approval",
      "templateFileId": "3238039",
      "templateTitle": "New PDF form.pdf",
      "fileId": "3238039",
      "fileTitle": "New PDF form.pdf",
      "projectRoomId": "2310505",
      "createdByUserId": "89bbb9ac-ab74-4c8e-a690-8e58b6045419",
      "recipientEmails": [],
      "recipientUserId": null,
      "recipientName": null,
      "createdByName": "Emily Carter",
      "openUrl": "https://suleymanovrn.onlyoffice.com/s/cVgFRD9VxcRHDjF",
      "linkRequestToken": null,
      "status": "Canceled",
      "createdAt": "2026-02-11T06:34:42.288Z",
      "updatedAt": "2026-02-11T06:37:06.358Z",
      "canceledAt": "2026-02-11T06:37:06.358Z",
      "canceledByUserId": "89bbb9ac-ab74-4c8e-a690-8e58b6045419",
      "canceledByName": "Emily Carter",
      "groupId": "36c29390-f438-4716-9d97-408585d81f0f",
      "resultFileId": null,
      "resultFileTitle": null,
      "resultFileUrl": null,
      "events": [],
      "stageIndex": null,
      "dueDate": null,
      "source": null,
      "archivedAt": null,
      "archivedByUserId": null,
      "archivedByName": null,
      "trashedAt": null,
      "trashedByUserId": null,
      "trashedByName": null
    },
    {
      "id": "73ab1ef1-294e-498b-92df-2f628727a9c4",
      "kind": "approval",
      "templateFileId": "3238039",
      "templateTitle": "New PDF form.pdf",
      "fileId": "3238039",
      "fileTitle": "New PDF form.pdf",
      "projectRoomId": "2310505",
      "createdByUserId": "89bbb9ac-ab74-4c8e-a690-8e58b6045419",
      "recipientEmails": [],
      "recipientUserId": null,
      "recipientName": null,
      "createdByName": "Emily Carter",
      "openUrl": "https://suleymanovrn.onlyoffice.com/s/cVgFRD9VxcRHDjF",
      "linkRequestToken": null,
      "status": "Canceled",
      "createdAt": "2026-02-11T06:11:55.536Z",
      "updatedAt": "2026-02-11T06:37:10.082Z",
      "canceledAt": "2026-02-11T06:37:10.082Z",
      "canceledByUserId": "89bbb9ac-ab74-4c8e-a690-8e58b6045419",
      "canceledByName": "Emily Carter",
      "groupId": "73ab1ef1-294e-498b-92df-2f628727a9c4",
      "resultFileId": null,
      "resultFileTitle": null,
      "resultFileUrl": null,
      "events": [],
      "stageIndex": null,
      "dueDate": null,
      "source": null,
      "archivedAt": null,
      "archivedByUserId": null,
      "archivedByName": null,
      "trashedAt": null,
      "trashedByUserId": null,
      "trashedByName": null
    },
    {
      "id": "655383db-dc27-46c6-a184-675b51334d75",
      "kind": "approval",
      "templateFileId": "3238039",
      "templateTitle": "New PDF form.pdf",
      "fileId": "3238039",
      "fileTitle": "New PDF form.pdf",
      "projectRoomId": "2310505",
      "createdByUserId": "89bbb9ac-ab74-4c8e-a690-8e58b6045419",
      "recipientEmails": [],
      "recipientUserId": null,
      "recipientName": null,
      "createdByName": "Emily Carter",
      "openUrl": "https://suleymanovrn.onlyoffice.com/s/cVgFRD9VxcRHDjF",
      "linkRequestToken": null,
      "status": "Canceled",
      "createdAt": "2026-02-11T06:11:53.516Z",
      "updatedAt": "2026-02-11T06:37:12.694Z",
      "canceledAt": "2026-02-11T06:37:12.694Z",
      "canceledByUserId": "89bbb9ac-ab74-4c8e-a690-8e58b6045419",
      "canceledByName": "Emily Carter",
      "groupId": "655383db-dc27-46c6-a184-675b51334d75",
      "resultFileId": null,
      "resultFileTitle": null,
      "resultFileUrl": null,
      "events": [],
      "stageIndex": null,
      "dueDate": null,
      "source": null,
      "archivedAt": null,
      "archivedByUserId": null,
      "archivedByName": null,
      "trashedAt": null,
      "trashedByUserId": null,
      "trashedByName": null
    },
    {
      "id": "b072eab7-6467-484e-9f0b-57c1e878c9dc",
      "templateFileId": "3238039",
      "templateTitle": "New PDF form.pdf",
      "fileId": "3238039",
      "fileTitle": "New PDF form.pdf",
      "projectRoomId": "2310505",
      "createdByUserId": "89bbb9ac-ab74-4c8e-a690-8e58b6045419",
      "createdByName": "Emily Carter",
      "openUrl": "https://suleymanovrn.onlyoffice.com/s/cVgFRD9VxcRHDjF",
      "status": "Completed",
      "createdAt": "2026-02-10T12:42:35.441Z",
      "updatedAt": "2026-02-11T10:27:02.085Z",
      "groupId": "b072eab7-6467-484e-9f0b-57c1e878c9dc",
      "resultFileId": "3242471",
      "resultFileTitle": "New PDF form.xlsx",
      "resultFileUrl": "https://suleymanovrn.onlyoffice.com/doceditor?fileid=3242471&version=1",
      "events": [
        {
          "ts": "2026-02-11T10:27:02.085Z",
          "type": "completed",
          "method": "auto",
          "actorUserId": null,
          "actorName": null,
          "resultFileId": "3242471",
          "resultFileTitle": "New PDF form.xlsx"
        }
      ],
      "completedAt": "2026-02-11T10:27:02.085Z",
      "completedByUserId": null,
      "completedByName": null,
      "stageIndex": null,
      "dueDate": null,
      "source": null,
      "archivedAt": null,
      "archivedByUserId": null,
      "archivedByName": null,
      "trashedAt": null,
      "trashedByUserId": null,
      "trashedByName": null
    },
    {
      "id": "b6e4e5b1-59df-401b-b2c6-e5c78e359054",
      "templateFileId": "3226876",
      "templateTitle": "New PDF form.pdf",
      "fileId": "3226876",
      "fileTitle": "New PDF form.pdf",
      "projectRoomId": "2302891",
      "createdByUserId": "89bbb9ac-ab74-4c8e-a690-8e58b6045419",
      "createdByName": "Emily Carter",
      "openUrl": "https://suleymanovrn.onlyoffice.com/s/tqwvmMz_bvjyD3_",
      "status": "InProgress",
      "createdAt": "2026-02-10T11:57:26.042Z",
      "updatedAt": "2026-02-10T11:57:26.042Z",
      "groupId": "b6e4e5b1-59df-401b-b2c6-e5c78e359054",
      "resultFileId": null,
      "resultFileTitle": null,
      "resultFileUrl": null,
      "events": [],
      "stageIndex": null,
      "dueDate": null,
      "source": null,
      "archivedAt": null,
      "archivedByUserId": null,
      "archivedByName": null,
      "trashedAt": null,
      "trashedByUserId": null,
      "trashedByName": null
    },
    {
      "id": "8db1213b-6e7e-4000-888a-ff464470f6d3",
      "templateFileId": "3226876",
      "templateTitle": "New PDF form.pdf",
      "fileId": "3226876",
      "fileTitle": "New PDF form.pdf",
      "projectRoomId": "2302891",
      "createdByUserId": "89bbb9ac-ab74-4c8e-a690-8e58b6045419",
      "createdByName": "Emily Carter",
      "openUrl": "https://suleymanovrn.onlyoffice.com/s/tqwvmMz_bvjyD3_",
      "status": "InProgress",
      "createdAt": "2026-02-10T11:57:08.206Z",
      "updatedAt": "2026-02-10T11:57:08.206Z",
      "groupId": "8db1213b-6e7e-4000-888a-ff464470f6d3",
      "resultFileId": null,
      "resultFileTitle": null,
      "resultFileUrl": null,
      "events": [],
      "stageIndex": null,
      "dueDate": null,
      "source": null,
      "archivedAt": null,
      "archivedByUserId": null,
      "archivedByName": null,
      "trashedAt": null,
      "trashedByUserId": null,
      "trashedByName": null
    },
    {
      "id": "6b295402-e860-4111-b08c-e5b14670000a",
      "templateFileId": "3231259",
      "templateTitle": "New PDF form.pdf",
      "fileId": "3231259",
      "fileTitle": "New PDF form.pdf",
      "projectRoomId": "2302891",
      "createdByUserId": "89bbb9ac-ab74-4c8e-a690-8e58b6045419",
      "createdByName": "Emily Carter",
      "openUrl": "https://suleymanovrn.onlyoffice.com/s/nx_LR_-VLm6gbcS",
      "status": "Completed",
      "createdAt": "2026-02-09T19:47:20.663Z",
      "updatedAt": "2026-02-10T07:03:20.630Z",
      "groupId": "6b295402-e860-4111-b08c-e5b14670000a",
      "resultFileId": null,
      "resultFileTitle": null,
      "resultFileUrl": null,
      "events": [],
      "stageIndex": null,
      "dueDate": null,
      "source": null,
      "archivedAt": null,
      "archivedByUserId": null,
      "archivedByName": null,
      "trashedAt": null,
      "trashedByUserId": null,
      "trashedByName": null
    },
    {
      "id": "ccdb0c66-3d47-45b6-a220-dfde6b273aa1",
      "templateFileId": "3226876",
      "templateTitle": "New PDF form.pdf",
      "fileId": "3226876",
      "fileTitle": "New PDF form.pdf",
      "projectRoomId": "2302891",
      "createdByUserId": "89bbb9ac-ab74-4c8e-a690-8e58b6045419",
      "createdByName": "Emily Carter",
      "openUrl": "https://suleymanovrn.onlyoffice.com/s/tqwvmMz_bvjyD3_",
      "status": "InProgress",
      "createdAt": "2026-02-09T09:03:02.358Z",
      "updatedAt": "2026-02-09T09:03:02.358Z",
      "groupId": "ccdb0c66-3d47-45b6-a220-dfde6b273aa1",
      "resultFileId": null,
      "resultFileTitle": null,
      "resultFileUrl": null,
      "events": [],
      "stageIndex": null,
      "dueDate": null,
      "source": null,
      "archivedAt": null,
      "archivedByUserId": null,
      "archivedByName": null,
      "trashedAt": null,
      "trashedByUserId": null,
      "trashedByName": null
    },
    {
      "id": "12bdcb57-2cf1-420b-9660-9e32f43bf6b7",
      "templateFileId": "3195345",
      "templateTitle": "Consent_Data_Privacy.pdf",
      "fileId": "3195345",
      "fileTitle": "Consent_Data_Privacy.pdf",
      "createdByUserId": "5e41b434-86e4-4fb9-9f67-6ff87eb99f65",
      "createdByName": "Test User",
      "openUrl": "https://suleymanovrn.onlyoffice.com/s/c8ypxcFbjHRWpwc",
      "status": "InProgress",
      "createdAt": "2026-02-06T08:01:27.684Z",
      "updatedAt": "2026-02-06T08:01:27.684Z",
      "groupId": "12bdcb57-2cf1-420b-9660-9e32f43bf6b7",
      "resultFileId": null,
      "resultFileTitle": null,
      "resultFileUrl": null,
      "events": [],
      "stageIndex": null,
      "dueDate": null,
      "source": null,
      "archivedAt": null,
      "archivedByUserId": null,
      "archivedByName": null,
      "trashedAt": null,
      "trashedByUserId": null,
      "trashedByName": null
    }
  ],
  "projects": [
    {
      "id": "0702cbb4-ad92-411f-8c67-41c780cc799a",
      "title": "New Project",
      "roomId": "2323488",
      "roomUrl": null,
      "signingRoomId": null,
      "archivedAt": null,
      "archivedByUserId": null,
      "archivedByName": null,
      "createdAt": "2026-02-13T07:48:49.690Z",
      "updatedAt": "2026-02-13T07:48:49.690Z"
    },
    {
      "id": "440f2a2f-8ca0-467c-bcb9-2592ab5f9457",
      "title": "Personal - Emily Carter",
      "roomId": "2323321",
      "roomUrl": null,
      "signingRoomId": null,
      "archivedAt": "2026-02-13T07:13:10.879Z",
      "archivedByUserId": "89bbb9ac-ab74-4c8e-a690-8e58b6045419",
      "archivedByName": "Emily Carter",
      "createdAt": "2026-02-13T06:45:43.532Z",
      "updatedAt": "2026-02-13T07:13:10.879Z"
    },
    {
      "id": "2c65634d-b0d2-468a-b489-2382d4c52e9d",
      "title": "My First Project",
      "roomId": "2310505",
      "roomUrl": null,
      "createdAt": "2026-02-10T11:57:52.467Z",
      "updatedAt": "2026-02-11T07:50:46.781Z",
      "signingRoomId": "2313811",
      "archivedAt": null,
      "archivedByUserId": null,
      "archivedByName": null
    },
    {
      "id": "f247742a-c9be-4050-945f-a7942a8abb2f",
      "title": "11111",
      "roomId": "2302405",
      "roomUrl": null,
      "createdAt": "2026-02-09T06:09:03.699Z",
      "updatedAt": "2026-02-09T06:09:03.699Z",
      "signingRoomId": null,
      "archivedAt": null,
      "archivedByUserId": null,
      "archivedByName": null
    },
    {
      "id": "12336ed0-1fc5-4421-b0a9-956354af2926",
      "title": "22222",
      "roomId": "2302404",
      "roomUrl": null,
      "createdAt": "2026-02-09T06:08:30.809Z",
      "updatedAt": "2026-02-09T06:08:30.809Z",
      "signingRoomId": null,
      "archivedAt": null,
      "archivedByUserId": null,
      "archivedByName": null
    },
    {
      "id": "b7b1d2e6-f13d-49aa-a9aa-912e67145ca4",
      "title": "11111",
      "roomId": "2302395",
      "roomUrl": null,
      "createdAt": "2026-02-09T06:06:07.085Z",
      "updatedAt": "2026-02-09T06:06:07.085Z",
      "signingRoomId": null,
      "archivedAt": null,
      "archivedByUserId": null,
      "archivedByName": null
    },
    {
      "id": "293f7ad1-d35d-4d92-a915-c63dcb6be0ab",
      "title": "My Project",
      "roomId": "2302394",
      "roomUrl": null,
      "createdAt": "2026-02-09T06:05:37.728Z",
      "updatedAt": "2026-02-09T06:05:37.728Z",
      "signingRoomId": null,
      "archivedAt": null,
      "archivedByUserId": null,
      "archivedByName": null
    },
    {
      "id": "876aaa77-c216-4240-a123-9d1cfcecb412",
      "title": "My First",
      "roomId": "2302389",
      "roomUrl": null,
      "createdAt": "2026-02-09T06:01:27.200Z",
      "updatedAt": "2026-02-09T06:01:27.200Z",
      "signingRoomId": null,
      "archivedAt": null,
      "archivedByUserId": null,
      "archivedByName": null
    },
    {
      "id": "ec5ace45-ef06-4a74-a78f-d9256c9a1e0a",
      "title": "Test 2",
      "roomId": "2290279",
      "roomUrl": null,
      "createdAt": "2026-02-06T11:43:51.060Z",
      "updatedAt": "2026-02-06T11:43:51.060Z",
      "signingRoomId": null,
      "archivedAt": null,
      "archivedByUserId": null,
      "archivedByName": null
    },
    {
      "id": "8473f4e5-f974-48a8-8c47-2c7e906752b1",
      "title": "Test",
      "roomId": "2289627",
      "roomUrl": null,
      "createdAt": "2026-02-06T09:42:13.395Z",
      "updatedAt": "2026-02-06T09:42:13.395Z",
      "signingRoomId": null,
      "archivedAt": null,
      "archivedByUserId": null,
      "archivedByName": null
    }
  ],
  "contacts": [],
  "projectContacts": []
}