{
  "version": 1,
  "savedAt": "2026-02-04T11:11:35.983Z",
  "appointments": [
    {
      "id": "c343037a-d6a0-4df5-bbaf-bae3e75b3efa",
      "roomId": 2269302,
      "roomTitle": "Patient Room",
      "patientName": "Emily Carter",
      "date": "2026-02-04",
      "time": "10:25",
      "doctor": "John Smith",
      "reason": "4324234234",
      "status": "Closed",
      "ticket": {
        "id": "3174625",
        "title": "Appointment 2026-02-04 10_25 - John Smith.docx",
        "url": "https://suleymanovrn.onlyoffice.com/s/nMyd7DXDZZXVW3K",
        "shareToken": "nMyd7DXDZZXVW3K"
      },
      "createdAt": "2026-02-04T05:25:40.631Z"
    },
    {
      "id": "2caa570e-b36b-4686-9bf2-dd372b63a578",
      "roomId": 2280232,
      "roomTitle": "Patient Room",
      "patientName": "Test User",
      "date": "2026-02-04",
      "time": "16:10",
      "doctor": "John Smith",
      "reason": "11111111111111111111",
      "status": "Closed",
      "ticket": {
        "id": "3189746",
        "title": "Appointment 2026-02-04 16_10 - John Smith.docx",
        "url": "https://suleymanovrn.onlyoffice.com/s/p-DgnLqy3v4DD44",
        "shareToken": "p-DgnLqy3v4DD44"
      },
      "createdAt": "2026-02-04T11:10:05.555Z"
    },
    {
      "id": "93d01618-f560-40e9-b290-3247a12887c9",
      "roomId": 2280232,
      "roomTitle": "Patient Room",
      "patientName": "Test User",
      "date": "2026-02-04",
      "time": "16:10",
      "doctor": "John Smith",
      "reason": "1111111111111111111",
      "status": "Scheduled",
      "ticket": {
        "id": "3189747",
        "title": "Appointment 2026-02-04 16_10 - John Smith.docx",
        "url": "https://suleymanovrn.onlyoffice.com/s/647tX6L7wfpP6v5",
        "shareToken": "647tX6L7wfpP6v5"
      },
      "createdAt": "2026-02-04T11:10:37.919Z"
    }
  ],
  "medicalRecords": [],
  "fillSignAssignments": [
    {
      "id": "d1f8c8b9-3f4e-4596-8e0b-e84e15369c71",
      "patientRoomId": "2269302",
      "patientId": "f4492226-94b4-4427-ab7e-e403d7cc92bd",
      "patientName": "Emily Carter",
      "templateFileId": "3174347",
      "templateTitle": "Medical Agreement.pdf",
      "medicalRoomId": "2264561",
      "requestedBy": "suleymanovrashidn@gmail.com",
      "shareLink": "https://suleymanovrn.onlyoffice.com/s/RmhjRYFxZ3kqrxQ",
      "shareToken": "Ty9TWW1QZDA3TSt3TXhWbk1jYUtEVEgzdE5FRnBLMWo0SHZFVHdIZmJQbz0_ImY1OGVhZTIzLWQ4ZjgtNGNlMy05MTI1LWEyNDBhY2ZhNWNhOCI",
      "createdAt": "2026-02-04T05:24:30.857Z"
    },
    {
      "id": "29571dac-e4ba-441d-9365-0de41cc0fcdc",
      "patientRoomId": "2280232",
      "patientId": "fec8a202-c055-49ed-948f-95bb158fd385",
      "patientName": "Test User",
      "templateFileId": "3174347",
      "templateTitle": "Medical Agreement.pdf",
      "medicalRoomId": "2264561",
      "requestedBy": "suleymanovrashidn@gmail.com",
      "shareLink": "https://suleymanovrn.onlyoffice.com/s/RmhjRYFxZ3kqrxQ",
      "shareToken": "Ty9TWW1QZDA3TSt3TXhWbk1jYUtEVEgzdE5FRnBLMWo0SHZFVHdIZmJQbz0_ImY1OGVhZTIzLWQ4ZjgtNGNlMy05MTI1LWEyNDBhY2ZhNWNhOCI",
      "createdAt": "2026-02-04T11:09:37.924Z"
    }
  ],
  "patientMappings": [
    {
      "userId": "f4492226-94b4-4427-ab7e-e403d7cc92bd",
      "roomId": "2269302",
      "patientName": "Emily Carter"
    },
    {
      "userId": "fec8a202-c055-49ed-948f-95bb158fd385",
      "roomId": "2280232",
      "patientName": "Test User"
    }
  ]
}